{"Tuvalu": [168.694671, 187.28686800000003, -17.240264, 0.005863999999999869], "Kiribati: Phoenix Islands": [178.11670000000004, 196.63329999999996, -11.78523100000001, 4.583332999999797], "Kiribati: Line Islands": [192.922352, 217.17713300000003, -17.839117999999786, 11.910466999999812], "Kiribati: Gilbert Islands": [163.823421, 184.18003399999998, -8.360059000000192, 9.578080000000156], "Tokelau": [180.10445900030788, 195.99269899962076, -15.207103999999552, -2.466132000000001], "SP": [100, 240, -50, 30]}